ak,al,ar,az,ca,co,ct,dc,de,fl,ga,hi,ia,id,il,in,ks,ky,la,ma,md,me,mi,mn,mo,ms,mt,nc,nd,ne,nh,nj,nm,nv,ny,oh,ok,or,pa,pr,ri,sc,sd,tn,tx,ut,va,vt,wa,wi,wv,wy
49.0,1749.0,449.0,1658.0,4836.0,316.0,101.0,102.0,7.0,6733.0,1316.0,218.0,366.0,145.0,633.0,407.0,166.0,1090.0,1476.0,171.0,387.0,11.0,242.0,138.0,427.0,766.0,88.0,1008.0,96.0,69.0,12.0,180.0,77.0,760.0,517.0,449.0,352.0,89.0,626.0,182.0,47.0,943.0,47.0,1402.0,6571.0,128.0,333.0,3.0,192.0,673.0,96.0,121.0
48.0,1795.0,412.0,1473.0,4273.0,256.0,51.0,104.0,30.0,5817.0,1548.0,268.0,345.0,124.0,613.0,397.0,167.0,1566.0,1342.0,142.0,359.0,6.0,389.0,205.0,515.0,791.0,94.0,782.0,87.0,130.0,10.0,177.0,59.0,577.0,493.0,573.0,465.0,87.0,459.0,265.0,58.0,645.0,93.0,1331.0,5840.0,126.0,421.0,5.0,190.0,485.0,74.0,50.0
63.0,1911.0,425.0,1292.0,3498.0,147.0,77.0,89.0,47.0,5040.0,2427.0,918.0,329.0,147.0,737.0,527.0,186.0,1307.0,1121.0,132.0,352.0,10.0,378.0,228.0,654.0,611.0,95.0,1150.0,71.0,146.0,179.0,260.0,102.0,578.0,848.0,634.0,549.0,109.0,411.0,263.0,42.0,631.0,95.0,1216.0,5549.0,89.0,413.0,6.0,165.0,447.0,93.0,37.0
56.0,1707.0,342.0,700.0,3100.0,137.0,62.0,69.0,58.0,4269.0,1458.0,2137.0,359.0,107.0,779.0,533.0,214.0,1776.0,883.0,172.0,316.0,9.0,358.0,263.0,679.0,595.0,104.0,2055.0,92.0,163.0,209.0,302.0,155.0,483.0,485.0,647.0,590.0,60.0,460.0,259.0,27.0,613.0,117.0,1124.0,5080.0,126.0,396.0,6.0,143.0,430.0,114.0,37.0
61.0,1222.0,328.0,1008.0,2888.0,137.0,78.0,81.0,66.0,3526.0,1548.0,1996.0,378.0,104.0,804.0,444.0,264.0,1495.0,820.0,169.0,304.0,6.0,330.0,265.0,632.0,554.0,125.0,1762.0,85.0,166.0,153.0,290.0,47.0,478.0,480.0,670.0,511.0,55.0,382.0,319.0,24.0,487.0,115.0,1191.0,4590.0,139.0,465.0,5.0,192.0,404.0,96.0,42.0
56.0,1069.0,327.0,537.0,2572.0,118.0,62.0,89.0,51.0,2922.0,1266.0,1781.0,357.0,95.0,732.0,923.0,254.0,2101.0,809.0,178.0,295.0,7.0,321.0,235.0,642.0,481.0,132.0,941.0,93.0,175.0,7.0,244.0,42.0,398.0,574.0,592.0,503.0,54.0,356.0,269.0,27.0,493.0,133.0,1082.0,3998.0,116.0,428.0,7.0,156.0,503.0,90.0,48.0
67.0,888.0,369.0,657.0,2253.0,145.0,92.0,56.0,33.0,2441.0,1222.0,1522.0,372.0,84.0,778.0,423.0,239.0,1159.0,770.0,195.0,306.0,9.0,285.0,248.0,743.0,447.0,122.0,901.0,142.0,224.0,7.0,245.0,74.0,337.0,580.0,591.0,614.0,80.0,315.0,274.0,22.0,443.0,211.0,1089.0,4104.0,156.0,429.0,6.0,202.0,592.0,119.0,38.0
46.0,908.0,456.0,788.0,2191.0,207.0,69.0,81.0,49.0,2099.0,1104.0,1204.0,489.0,138.0,765.0,471.0,250.0,1059.0,689.0,250.0,310.0,4.0,295.0,350.0,810.0,395.0,215.0,888.0,175.0,244.0,19.0,291.0,107.0,399.0,659.0,586.0,742.0,104.0,372.0,218.0,40.0,469.0,251.0,1087.0,4032.0,175.0,352.0,1.0,168.0,683.0,116.0,58.0
33.0,930.0,448.0,332.0,2176.0,204.0,113.0,68.0,63.0,1984.0,3653.0,1037.0,515.0,150.0,817.0,635.0,294.0,908.0,648.0,283.0,348.0,8.0,450.0,385.0,921.0,384.0,316.0,873.0,241.0,237.0,19.0,360.0,115.0,339.0,853.0,744.0,783.0,91.0,472.0,341.0,38.0,376.0,286.0,1265.0,4192.0,193.0,407.0,1.0,142.0,1029.0,116.0,79.0
38.0,920.0,559.0,456.0,2223.0,281.0,132.0,78.0,90.0,2156.0,3752.0,838.0,596.0,152.0,1094.0,738.0,458.0,1939.0,852.0,295.0,387.0,5.0,549.0,448.0,1045.0,555.0,339.0,1111.0,276.0,304.0,17.0,548.0,132.0,405.0,843.0,1088.0,890.0,128.0,615.0,330.0,52.0,502.0,340.0,1388.0,4935.0,249.0,480.0,5.0,175.0,1275.0,109.0,76.0
62.0,975.0,604.0,504.0,2290.0,458.0,162.0,55.0,91.0,2144.0,3576.0,670.0,605.0,187.0,1727.0,901.0,513.0,1170.0,754.0,299.0,380.0,8.0,687.0,471.0,1237.0,576.0,427.0,1161.0,226.0,392.0,20.0,661.0,162.0,420.0,1003.0,1318.0,1012.0,125.0,661.0,254.0,50.0,541.0,314.0,1620.0,6190.0,282.0,484.0,0.0,202.0,1771.0,158.0,112.0
54.0,1146.0,606.0,655.0,2364.0,562.0,213.0,83.0,85.0,2441.0,3322.0,48.0,603.0,240.0,2012.0,1184.0,494.0,1434.0,908.0,358.0,419.0,8.0,857.0,599.0,1184.0,607.0,405.0,1274.0,304.0,514.0,11.0,983.0,280.0,483.0,973.0,1535.0,1184.0,172.0,1020.0,794.0,102.0,461.0,370.0,1723.0,7142.0,315.0,488.0,2.0,190.0,2125.0,194.0,144.0
69.0,1278.0,596.0,670.0,2523.0,742.0,298.0,87.0,77.0,3177.0,3625.0,47.0,723.0,276.0,2239.0,1298.0,616.0,1744.0,775.0,392.0,480.0,36.0,1490.0,741.0,1284.0,500.0,437.0,1263.0,372.0,702.0,28.0,1019.0,402.0,553.0,985.0,1648.0,1100.0,133.0,1149.0,1158.0,76.0,506.0,468.0,1829.0,7053.0,373.0,547.0,12.0,253.0,2404.0,196.0,123.0
91.0,1262.0,664.0,890.0,2881.0,1096.0,370.0,72.0,92.0,2801.0,3669.0,52.0,1066.0,309.0,3039.0,1577.0,805.0,2091.0,884.0,553.0,582.0,42.0,1852.0,1064.0,1692.0,497.0,525.0,1300.0,492.0,920.0,29.0,1028.0,523.0,725.0,1246.0,2359.0,1315.0,199.0,1666.0,1206.0,101.0,468.0,513.0,1855.0,8061.0,452.0,636.0,6.0,276.0,2791.0,242.0,170.0
121.0,1490.0,794.0,1211.0,3467.0,1544.0,658.0,125.0,144.0,3344.0,3933.0,53.0,1415.0,368.0,4089.0,2213.0,1080.0,2413.0,995.0,709.0,931.0,48.0,2457.0,1444.0,2128.0,606.0,572.0,1516.0,473.0,1149.0,64.0,1654.0,708.0,1069.0,2118.0,3196.0,1616.0,308.0,2334.0,1280.0,131.0,515.0,496.0,2379.0,9305.0,548.0,777.0,24.0,422.0,3325.0,302.0,197.0
121.0,1611.0,928.0,1600.0,4864.0,1850.0,694.0,132.0,161.0,3634.0,3744.0,58.0,1525.0,381.0,4374.0,2457.0,1243.0,2717.0,1389.0,949.0,1195.0,97.0,2983.0,1639.0,2391.0,825.0,597.0,1724.0,506.0,1254.0,74.0,2227.0,844.0,1315.0,2546.0,4167.0,2051.0,346.0,3269.0,1068.0,239.0,571.0,494.0,2656.0,10944.0,646.0,910.0,21.0,594.0,3310.0,369.0,230.0
154.0,1799.0,910.0,1933.0,6828.0,1886.0,808.0,128.0,226.0,4016.0,3923.0,32.0,1144.0,438.0,4012.0,2529.0,1181.0,2847.0,1589.0,952.0,1407.0,97.0,3528.0,1525.0,2083.0,881.0,530.0,1905.0,399.0,1081.0,117.0,2443.0,807.0,1438.0,3176.0,4442.0,2178.0,438.0,3971.0,870.0,249.0,649.0,400.0,2730.0,10334.0,631.0,1104.0,28.0,690.0,2875.0,480.0,214.0
134.0,2306.0,986.0,2629.0,8883.0,1882.0,936.0,193.0,349.0,4600.0,4854.0,48.0,991.0,440.0,3904.0,2584.0,1174.0,3175.0,1985.0,1382.0,1519.0,119.0,3270.0,1392.0,2096.0,951.0,419.0,2306.0,341.0,932.0,166.0,2832.0,943.0,1615.0,4131.0,4909.0,2130.0,498.0,4888.0,1355.0,394.0,841.0,346.0,3234.0,10640.0,678.0,1303.0,36.0,695.0,2673.0,503.0,213.0
102.0,2548.0,1010.0,3115.0,11623.0,1677.0,1047.0,201.0,358.0,4878.0,5282.0,50.0,824.0,423.0,3747.0,2675.0,1162.0,3113.0,2109.0,1720.0,1452.0,115.0,2934.0,1194.0,2083.0,1038.0,420.0,2636.0,285.0,758.0,269.0,3099.0,867.0,1815.0,5094.0,4856.0,2007.0,436.0,5218.0,1231.0,358.0,1026.0,304.0,3534.0,11356.0,670.0,1453.0,29.0,700.0,2382.0,567.0,189.0
100.0,2926.0,1063.0,3282.0,14891.0,1396.0,917.0,216.0,358.0,5607.0,5687.0,47.0,651.0,401.0,3389.0,2559.0,1087.0,3141.0,2074.0,1759.0,1535.0,126.0,2495.0,921.0,1993.0,1040.0,361.0,2813.0,217.0,607.0,230.0,2883.0,855.0,1727.0,5605.0,4724.0,2234.0,445.0,5078.0,1341.0,269.0,1190.0,225.0,3783.0,12196.0,635.0,1621.0,45.0,710.0,2249.0,566.0,183.0
60.0,3023.0,1068.0,3456.0,15418.0,1150.0,990.0,188.0,322.0,5948.0,6951.0,65.0,609.0,305.0,3048.0,2408.0,952.0,2976.0,2033.0,1899.0,1505.0,100.0,2091.0,798.0,1862.0,1146.0,252.0,3087.0,195.0,548.0,254.0,2885.0,843.0,1649.0,6253.0,3979.0,2307.0,414.0,4586.0,1104.0,354.0,1323.0,154.0,3439.0,13578.0,548.0,1683.0,39.0,750.0,1685.0,602.0,154.0
69.0,3164.0,1204.0,3696.0,15933.0,1054.0,914.0,226.0,319.0,7184.0,7954.0,72.0,582.0,339.0,2869.0,2779.0,967.0,3276.0,2591.0,2030.0,1453.0,86.0,1827.0,778.0,1853.0,1164.0,259.0,3311.0,183.0,507.0,275.0,2851.0,881.0,1552.0,6689.0,4017.0,2545.0,454.0,4348.0,855.0,231.0,1632.0,175.0,3965.0,15823.0,564.0,1848.0,37.0,707.0,1566.0,677.0,136.0
76.0,3367.0,1251.0,4124.0,16721.0,957.0,1073.0,262.0,379.0,8108.0,9157.0,77.0,613.0,319.0,2823.0,2542.0,948.0,3276.0,2946.0,2032.0,1643.0,117.0,1955.0,694.0,1922.0,1145.0,283.0,3859.0,135.0,529.0,246.0,2985.0,694.0,1640.0,7413.0,3946.0,2695.0,432.0,4198.0,875.0,200.0,1940.0,160.0,3660.0,17256.0,664.0,2096.0,66.0,710.0,1708.0,630.0,115.0
54.0,3021.0,1135.0,3951.0,14726.0,908.0,1048.0,257.0,373.0,7724.0,9096.0,69.0,538.0,255.0,2576.0,2006.0,955.0,3319.0,2531.0,2040.0,1541.0,130.0,1712.0,594.0,1674.0,933.0,305.0,3826.0,128.0,525.0,196.0,2968.0,732.0,1521.0,7240.0,3625.0,2266.0,369.0,3856.0,904.0,223.0,1900.0,155.0,2920.0,16774.0,605.0,2160.0,68.0,658.0,1571.0,550.0,116.0
35.0,2529.0,1035.0,3631.0,13038.0,837.0,975.0,218.0,342.0,7203.0,8468.0,68.0,456.0,177.0,2230.0,1696.0,786.0,2907.0,2138.0,1791.0,1409.0,93.0,1375.0,445.0,1298.0,778.0,240.0,3162.0,101.0,433.0,174.0,2666.0,727.0,1360.0,6689.0,3059.0,1931.0,260.0,3293.0,1315.0,184.0,1708.0,93.0,2312.0,15161.0,515.0,1977.0,67.0,633.0,1268.0,496.0,83.0
29.0,2032.0,846.0,3090.0,10564.0,681.0,843.0,214.0,266.0,6556.0,7139.0,54.0,381.0,172.0,1983.0,1284.0,593.0,2702.0,1729.0,1546.0,1290.0,96.0,1076.0,388.0,1133.0,636.0,170.0,2812.0,92.0,302.0,132.0,2393.0,589.0,1145.0,6066.0,2519.0,1657.0,306.0,2973.0,243.0,184.0,1523.0,82.0,1793.0,13504.0,480.0,1802.0,100.0,570.0,1110.0,391.0,73.0
25.0,1703.0,743.0,2287.0,8437.0,626.0,782.0,217.0,243.0,5809.0,6255.0,33.0,367.0,153.0,1616.0,1200.0,493.0,2358.0,1427.0,1311.0,1141.0,83.0,962.0,339.0,959.0,527.0,170.0,2274.0,83.0,283.0,119.0,2283.0,480.0,997.0,5572.0,2064.0,1471.0,272.0,2466.0,836.0,131.0,1262.0,77.0,1533.0,11523.0,433.0,1603.0,61.0,500.0,917.0,363.0,62.0
26.0,1349.0,637.0,1730.0,6372.0,540.0,649.0,166.0,189.0,5109.0,5141.0,24.0,278.0,166.0,1300.0,871.0,397.0,2003.0,1136.0,1009.0,883.0,70.0,759.0,305.0,738.0,391.0,119.0,1842.0,93.0,178.0,83.0,1855.0,267.0,819.0,5018.0,1766.0,1151.0,226.0,2180.0,1229.0,104.0,1015.0,55.0,1293.0,9046.0,327.0,1306.0,49.0,381.0,673.0,256.0,72.0
37.0,1071.0,443.0,1224.0,4842.0,508.0,577.0,160.0,132.0,4747.0,4292.0,19.0,283.0,113.0,1207.0,706.0,328.0,1660.0,847.0,789.0,745.0,49.0,641.0,257.0,646.0,280.0,157.0,1545.0,79.0,188.0,70.0,1575.0,228.0,675.0,4171.0,1363.0,929.0,225.0,1772.0,787.0,87.0,817.0,77.0,1054.0,6283.0,254.0,1134.0,32.0,377.0,610.0,238.0,32.0
33.0,824.0,400.0,912.0,3829.0,475.0,525.0,145.0,145.0,4192.0,3067.0,29.0,253.0,129.0,1030.0,604.0,306.0,1534.0,802.0,780.0,658.0,42.0,646.0,262.0,541.0,330.0,104.0,1236.0,74.0,212.0,78.0,1620.0,181.0,553.0,4201.0,1198.0,829.0,159.0,1706.0,1096.0,92.0,682.0,80.0,1190.0,6530.0,252.0,1028.0,38.0,312.0,466.0,188.0,33.0
30.0,652.0,254.0,709.0,3139.0,414.0,532.0,113.0,90.0,3867.0,2295.0,14.0,224.0,109.0,904.0,491.0,213.0,1253.0,719.0,704.0,620.0,49.0,720.0,218.0,472.0,254.0,109.0,1075.0,50.0,170.0,72.0,1577.0,253.0,448.0,3836.0,1017.0,526.0,137.0,1443.0,681.0,80.0,529.0,63.0,859.0,5254.0,220.0,908.0,35.0,271.0,421.0,127.0,21.0
31.0,550.0,199.0,599.0,2612.0,373.0,518.0,122.0,77.0,3404.0,3387.0,24.0,227.0,115.0,916.0,441.0,183.0,1122.0,603.0,633.0,697.0,52.0,916.0,273.0,401.0,225.0,106.0,1007.0,75.0,140.0,71.0,1662.0,144.0,374.0,3720.0,986.0,394.0,128.0,1473.0,710.0,96.0,476.0,45.0,779.0,4693.0,207.0,813.0,43.0,274.0,406.0,137.0,18.0
42.0,597.0,213.0,513.0,2465.0,426.0,508.0,126.0,101.0,3218.0,2891.0,22.0,236.0,133.0,956.0,393.0,157.0,919.0,441.0,615.0,723.0,47.0,1300.0,343.0,395.0,184.0,83.0,945.0,51.0,145.0,71.0,1788.0,136.0,373.0,3738.0,915.0,327.0,132.0,1603.0,711.0,62.0,448.0,46.0,900.0,4173.0,225.0,782.0,36.0,289.0,372.0,147.0,19.0
33.0,543.0,134.0,470.0,2120.0,438.0,589.0,125.0,110.0,3169.0,2756.0,33.0,237.0,142.0,1185.0,482.0,156.0,1032.0,478.0,688.0,895.0,50.0,2006.0,369.0,392.0,148.0,75.0,873.0,53.0,116.0,65.0,2090.0,108.0,357.0,3994.0,1055.0,272.0,144.0,1815.0,779.0,67.0,424.0,69.0,1028.0,4021.0,181.0,803.0,32.0,251.0,346.0,164.0,28.0
45.0,464.0,135.0,455.0,1977.0,490.0,640.0,126.0,134.0,3291.0,2562.0,40.0,255.0,115.0,1336.0,587.0,145.0,806.0,485.0,726.0,947.0,56.0,2973.0,495.0,373.0,126.0,66.0,956.0,70.0,176.0,71.0,2170.0,107.0,357.0,3754.0,1099.0,279.0,161.0,2135.0,1010.0,84.0,492.0,50.0,1058.0,3766.0,160.0,796.0,35.0,344.0,383.0,218.0,32.0
43.0,436.0,177.0,440.0,1753.0,601.0,687.0,142.0,131.0,3495.0,2685.0,50.0,299.0,124.0,1576.0,630.0,150.0,930.0,440.0,723.0,1067.0,65.0,3958.0,643.0,407.0,122.0,76.0,975.0,110.0,209.0,93.0,2177.0,110.0,412.0,3611.0,1299.0,268.0,173.0,2402.0,707.0,79.0,480.0,71.0,1048.0,3831.0,168.0,825.0,51.0,514.0,523.0,253.0,36.0
33.0,417.0,172.0,425.0,1904.0,555.0,635.0,118.0,154.0,3762.0,2807.0,35.0,272.0,110.0,1862.0,650.0,164.0,937.0,513.0,727.0,1097.0,85.0,4124.0,702.0,400.0,134.0,67.0,1144.0,95.0,179.0,124.0,1795.0,121.0,444.0,3280.0,1405.0,261.0,205.0,2510.0,1462.0,79.0,470.0,66.0,1093.0,4188.0,148.0,800.0,38.0,433.0,596.0,208.0,44.0
50.0,496.0,167.0,466.0,1678.0,676.0,553.0,133.0,160.0,3759.0,2774.0,37.0,248.0,106.0,1739.0,708.0,171.0,886.0,461.0,662.0,1056.0,92.0,3341.0,623.0,433.0,169.0,74.0,1165.0,92.0,152.0,102.0,1608.0,127.0,394.0,2833.0,1276.0,260.0,279.0,2478.0,1515.0,82.0,417.0,81.0,1040.0,3803.0,171.0,770.0,43.0,491.0,592.0,235.0,39.0
48.0,446.0,204.0,502.0,1696.0,781.0,513.0,96.0,148.0,3547.0,2749.0,40.0,205.0,109.0,1588.0,721.0,207.0,883.0,699.0,531.0,823.0,95.0,2560.0,637.0,500.0,193.0,98.0,1107.0,112.0,159.0,66.0,1216.0,156.0,464.0,2196.0,1209.0,246.0,354.0,1878.0,655.0,77.0,361.0,64.0,920.0,3569.0,154.0,580.0,32.0,540.0,581.0,221.0,38.0
33.0,480.0,197.0,463.0,1526.0,839.0,409.0,86.0,89.0,3081.0,2576.0,46.0,227.0,91.0,1580.0,689.0,180.0,893.0,523.0,447.0,713.0,101.0,2047.0,487.0,438.0,185.0,111.0,930.0,76.0,132.0,82.0,995.0,247.0,380.0,1804.0,1102.0,186.0,286.0,1713.0,198.0,48.0,294.0,60.0,826.0,3237.0,171.0,579.0,23.0,478.0,592.0,241.0,42.0
31.0,545.0,180.0,429.0,1333.0,677.0,317.0,74.0,84.0,2907.0,2171.0,41.0,184.0,89.0,1100.0,575.0,135.0,872.0,521.0,355.0,561.0,101.0,1526.0,426.0,378.0,169.0,90.0,863.0,86.0,117.0,46.0,699.0,157.0,359.0,1447.0,857.0,186.0,275.0,1330.0,99.0,42.0,262.0,38.0,730.0,2954.0,177.0,444.0,24.0,466.0,578.0,212.0,42.0
16.0,404.0,212.0,391.0,1323.0,646.0,251.0,51.0,67.0,2370.0,2134.0,32.0,153.0,99.0,1020.0,580.0,156.0,778.0,456.0,284.0,488.0,104.0,1182.0,369.0,311.0,183.0,114.0,803.0,93.0,87.0,59.0,544.0,162.0,328.0,1217.0,893.0,187.0,249.0,1089.0,70.0,32.0,208.0,27.0,563.0,2560.0,176.0,370.0,15.0,472.0,511.0,207.0,51.0
16.0,380.0,206.0,443.0,1120.0,526.0,119.0,52.0,60.0,2294.0,1980.0,159.0,137.0,93.0,865.0,511.0,151.0,761.0,597.0,282.0,324.0,85.0,872.0,293.0,371.0,177.0,136.0,567.0,81.0,68.0,44.0,429.0,140.0,278.0,992.0,790.0,199.0,216.0,975.0,38.0,28.0,186.0,25.0,541.0,2402.0,187.0,344.0,16.0,435.0,383.0,172.0,63.0
25.0,300.0,175.0,373.0,1104.0,469.0,115.0,53.0,38.0,1873.0,1609.0,207.0,88.0,78.0,611.0,373.0,107.0,719.0,468.0,169.0,299.0,51.0,541.0,188.0,394.0,219.0,122.0,459.0,38.0,57.0,19.0,329.0,101.0,242.0,717.0,634.0,163.0,181.0,654.0,27.0,16.0,146.0,24.0,464.0,2125.0,163.0,260.0,6.0,387.0,266.0,134.0,78.0
17.0,251.0,201.0,354.0,1004.0,374.0,81.0,37.0,24.0,1745.0,1577.0,17.0,99.0,72.0,462.0,312.0,106.0,766.0,445.0,116.0,212.0,43.0,411.0,160.0,482.0,242.0,83.0,383.0,34.0,53.0,18.0,276.0,93.0,244.0,607.0,418.0,148.0,154.0,520.0,15.0,15.0,104.0,28.0,381.0,2140.0,184.0,197.0,4.0,322.0,212.0,113.0,59.0
9.0,211.0,266.0,415.0,936.0,313.0,59.0,34.0,17.0,1728.0,1321.0,29.0,99.0,70.0,373.0,246.0,135.0,745.0,383.0,103.0,181.0,37.0,265.0,108.0,554.0,223.0,90.0,359.0,21.0,67.0,17.0,222.0,99.0,323.0,465.0,365.0,147.0,197.0,361.0,13.0,14.0,104.0,15.0,310.0,1746.0,214.0,181.0,4.0,259.0,143.0,90.0,52.0
13.0,221.0,337.0,436.0,1026.0,294.0,66.0,29.0,13.0,1757.0,1165.0,30.0,81.0,82.0,295.0,195.0,114.0,584.0,431.0,99.0,124.0,31.0,201.0,97.0,595.0,230.0,81.0,303.0,19.0,38.0,9.0,234.0,79.0,492.0,415.0,310.0,210.0,138.0,301.0,10.0,4.0,85.0,21.0,313.0,1362.0,209.0,181.0,7.0,293.0,116.0,67.0,37.0
18.0,514.0,401.0,474.0,1189.0,329.0,46.0,34.0,9.0,2088.0,1183.0,27.0,87.0,56.0,333.0,227.0,112.0,556.0,458.0,83.0,108.0,33.0,203.0,91.0,721.0,209.0,71.0,332.0,16.0,57.0,10.0,210.0,84.0,665.0,384.0,230.0,258.0,108.0,273.0,12.0,10.0,90.0,31.0,308.0,1553.0,267.0,169.0,10.0,236.0,106.0,50.0,60.0
36.0,349.0,587.0,412.0,1410.0,371.0,46.0,13.0,20.0,3059.0,1643.0,52.0,137.0,62.0,348.0,280.0,165.0,554.0,789.0,107.0,133.0,29.0,201.0,105.0,875.0,263.0,79.0,328.0,16.0,51.0,19.0,245.0,105.0,821.0,382.0,259.0,337.0,80.0,247.0,14.0,12.0,150.0,28.0,404.0,2007.0,250.0,179.0,5.0,260.0,101.0,62.0,52.0
46.0,558.0,704.0,623.0,1927.0,323.0,67.0,25.0,18.0,4571.0,2070.0,33.0,196.0,89.0,467.0,327.0,290.0,703.0,1042.0,106.0,122.0,206.0,221.0,116.0,1094.0,360.0,98.0,470.0,19.0,96.0,14.0,268.0,88.0,1042.0,444.0,318.0,483.0,122.0,240.0,25.0,8.0,247.0,41.0,696.0,2963.0,308.0,227.0,2.0,287.0,157.0,59.0,78.0
76.0,1160.0,895.0,687.0,2818.0,389.0,105.0,21.0,26.0,7545.0,2777.0,47.0,308.0,106.0,628.0,440.0,357.0,884.0,1918.0,133.0,167.0,46.0,268.0,161.0,1379.0,510.0,106.0,743.0,28.0,114.0,30.0,355.0,135.0,1096.0,619.0,437.0,652.0,159.0,337.0,46.0,14.0,349.0,29.0,1172.0,4438.0,308.0,313.0,6.0,358.0,260.0,81.0,109.0
91.0,1916.0,1052.0,975.0,3975.0,459.0,151.0,25.0,17.0,10917.0,4512.0,90.0,373.0,167.0,916.0,657.0,464.0,1472.0,2974.0,260.0,276.0,60.0,294.0,241.0,1673.0,755.0,150.0,1041.0,25.0,157.0,27.0,456.0,166.0,1404.0,810.0,654.0,1053.0,284.0,501.0,91.0,19.0,725.0,41.0,1935.0,6608.0,376.0,406.0,6.0,524.0,344.0,145.0,87.0
85.0,2171.0,1130.0,1114.0,5215.0,579.0,226.0,47.0,64.0,14255.0,6215.0,209.0,629.0,200.0,1243.0,936.0,561.0,2162.0,4271.0,334.0,378.0,53.0,545.0,253.0,1679.0,1106.0,200.0,1458.0,39.0,175.0,31.0,621.0,229.0,1338.0,1211.0,957.0,1492.0,432.0,692.0,182.0,38.0,1074.0,52.0,2876.0,9314.0,432.0,587.0,10.0,784.0,597.0,234.0,117.0
123.0,2772.0,1374.0,1279.0,6258.0,638.0,306.0,88.0,106.0,15579.0,7698.0,302.0,770.0,292.0,1636.0,1260.0,654.0,2670.0,4555.0,420.0,517.0,75.0,743.0,384.0,1838.0,1337.0,253.0,2065.0,69.0,240.0,64.0,763.0,309.0,1394.0,1766.0,1286.0,1872.0,574.0,985.0,170.0,76.0,1379.0,98.0,3894.0,11385.0,416.0,900.0,30.0,781.0,907.0,300.0,140.0
122.0,2811.0,1211.0,1414.0,6767.0,852.0,332.0,111.0,174.0,15956.0,8825.0,389.0,599.0,336.0,1814.0,1620.0,709.0,3357.0,3841.0,547.0,623.0,95.0,867.0,480.0,1746.0,1289.0,316.0,2398.0,132.0,262.0,91.0,944.0,380.0,1328.0,1912.0,1740.0,1971.0,688.0,1191.0,226.0,97.0,1849.0,112.0,4188.0,11904.0,439.0,1025.0,27.0,1002.0,1151.0,434.0,196.0
131.0,2739.0,1103.0,1391.0,6640.0,835.0,372.0,137.0,172.0,13734.0,9805.0,379.0,566.0,422.0,1952.0,1931.0,690.0,4072.0,2943.0,557.0,690.0,128.0,1005.0,496.0,1545.0,1141.0,352.0,2603.0,171.0,315.0,147.0,989.0,438.0,1315.0,2018.0,2055.0,1988.0,913.0,1464.0,189.0,79.0,2125.0,222.0,4995.0,11714.0,505.0,1270.0,52.0,1105.0,1110.0,556.0,277.0
154.0,2894.0,991.0,1594.0,6133.0,1000.0,283.0,94.0,194.0,11713.0,9442.0,299.0,564.0,475.0,1867.0,2089.0,687.0,4475.0,2213.0,560.0,739.0,142.0,986.0,522.0,1324.0,1017.0,436.0,2674.0,193.0,325.0,122.0,991.0,456.0,1149.0,2120.0,2632.0,1996.0,906.0,1585.0,155.0,100.0,2189.0,242.0,5597.0,11494.0,500.0,1387.0,45.0,1189.0,1364.0,660.0,226.0
199.0,2468.0,863.0,1529.0,5165.0,982.0,320.0,143.0,190.0,9474.0,8402.0,280.0,533.0,548.0,1857.0,2114.0,722.0,4755.0,1785.0,604.0,679.0,113.0,1161.0,546.0,1243.0,793.0,561.0,2566.0,210.0,310.0,121.0,1035.0,377.0,1123.0,2068.0,3101.0,1950.0,854.0,1781.0,129.0,63.0,2320.0,162.0,5506.0,10560.0,585.0,1517.0,45.0,1116.0,1459.0,649.0,231.0
192.0,1969.0,833.0,1392.0,4489.0,955.0,277.0,99.0,199.0,7294.0,7012.0,240.0,576.0,617.0,1627.0,2022.0,643.0,3669.0,1530.0,580.0,685.0,171.0,1248.0,645.0,1127.0,544.0,622.0,2402.0,199.0,381.0,101.0,995.0,397.0,1064.0,2078.0,3491.0,1836.0,754.0,2065.0,107.0,78.0,2040.0,203.0,4517.0,9238.0,550.0,1547.0,75.0,1044.0,1485.0,752.0,206.0
182.0,1225.0,707.0,1315.0,3924.0,993.0,240.0,103.0,191.0,5454.0,5152.0,165.0,693.0,683.0,1586.0,1661.0,601.0,2288.0,1079.0,515.0,701.0,170.0,1283.0,681.0,1035.0,476.0,649.0,2252.0,273.0,379.0,117.0,900.0,309.0,941.0,2044.0,3493.0,1586.0,597.0,2245.0,56.0,88.0,1526.0,177.0,3670.0,7593.0,560.0,1469.0,77.0,869.0,1533.0,749.0,191.0
156.0,922.0,493.0,1239.0,3176.0,970.0,302.0,86.0,184.0,4088.0,4228.0,136.0,645.0,559.0,1354.0,1446.0,529.0,1842.0,758.0,532.0,656.0,166.0,1430.0,726.0,829.0,320.0,679.0,1795.0,316.0,356.0,122.0,906.0,341.0,828.0,1905.0,3284.0,1245.0,538.0,2205.0,29.0,71.0,1164.0,202.0,2948.0,6048.0,538.0,1293.0,76.0,864.0,1395.0,682.0,187.0
147.0,803.0,453.0,1197.0,2846.0,1079.0,229.0,79.0,176.0,3215.0,3123.0,93.0,608.0,513.0,1245.0,1321.0,449.0,1446.0,604.0,492.0,611.0,106.0,1698.0,834.0,733.0,268.0,850.0,1619.0,257.0,346.0,109.0,772.0,354.0,824.0,1925.0,3079.0,1184.0,456.0,2359.0,40.0,58.0,928.0,192.0,2192.0,4797.0,575.0,1120.0,46.0,778.0,1423.0,614.0,234.0
188.0,640.0,362.0,1211.0,2731.0,1231.0,222.0,83.0,193.0,2549.0,2336.0,68.0,545.0,446.0,1129.0,1137.0,456.0,1194.0,516.0,815.0,568.0,151.0,1785.0,824.0,712.0,202.0,688.0,1373.0,306.0,353.0,168.0,726.0,344.0,702.0,2005.0,2770.0,912.0,384.0,2433.0,29.0,51.0,679.0,160.0,981.0,3921.0,503.0,1026.0,69.0,740.0,1316.0,537.0,279.0
183.0,487.0,311.0,1231.0,2866.0,1340.0,200.0,47.0,136.0,2039.0,2350.0,52.0,467.0,393.0,985.0,1036.0,407.0,1080.0,441.0,840.0,482.0,160.0,1713.0,742.0,547.0,231.0,669.0,965.0,282.0,315.0,169.0,681.0,429.0,690.0,1800.0,2397.0,719.0,349.0,2321.0,21.0,61.0,521.0,191.0,728.0,3253.0,530.0,846.0,58.0,669.0,1163.0,449.0,243.0
174.0,439.0,286.0,1405.0,3091.0,1357.0,183.0,47.0,124.0,1669.0,2369.0,64.0,470.0,340.0,906.0,955.0,389.0,917.0,329.0,548.0,471.0,150.0,1812.0,786.0,574.0,159.0,633.0,789.0,250.0,449.0,148.0,573.0,472.0,647.0,1632.0,2028.0,589.0,362.0,2065.0,13.0,42.0,413.0,208.0,552.0,2600.0,544.0,716.0,71.0,689.0,961.0,428.0,222.0
120.0,324.0,241.0,1545.0,2991.0,1519.0,191.0,30.0,127.0,1424.0,1940.0,34.0,471.0,312.0,947.0,907.0,392.0,779.0,268.0,412.0,427.0,162.0,1935.0,845.0,537.0,130.0,476.0,749.0,225.0,383.0,185.0,526.0,459.0,726.0,1634.0,2064.0,505.0,365.0,1987.0,18.0,66.0,367.0,192.0,479.0,2137.0,589.0,607.0,72.0,678.0,1108.0,368.0,195.0
142.0,328.0,217.0,1754.0,2603.0,1647.0,236.0,39.0,121.0,1303.0,1937.0,42.0,533.0,234.0,1223.0,1159.0,466.0,1279.0,277.0,479.0,453.0,179.0,2582.0,1063.0,628.0,98.0,471.0,728.0,211.0,392.0,211.0,592.0,490.0,707.0,1831.0,2417.0,586.0,335.0,1972.0,25.0,63.0,333.0,282.0,475.0,2240.0,537.0,627.0,74.0,614.0,1299.0,370.0,159.0
92.0,299.0,254.0,1870.0,2495.0,1689.0,246.0,47.0,138.0,1306.0,1902.0,41.0,599.0,239.0,1411.0,1392.0,520.0,1002.0,292.0,610.0,513.0,224.0,3034.0,1095.0,752.0,121.0,425.0,773.0,224.0,492.0,227.0,786.0,524.0,626.0,2239.0,2866.0,526.0,287.0,2557.0,18.0,80.0,355.0,244.0,512.0,2304.0,513.0,579.0,76.0,517.0,1483.0,384.0,158.0
